Top pages,Clicks,Impressions,CTR,Position
https://www.globalsecuritysolutions.co.za/,56,1975,2.84%,12.65
https://globalsecuritysolutions.co.za/,43,1318,3.26%,12.31
https://www.globalsecuritysolutions.co.za/services/security-repairs-and-upgrades,3,118,2.54%,7.83
https://www.globalsecuritysolutions.co.za/about,2,433,0.46%,14.99
https://www.globalsecuritysolutions.co.za/sectors/estate-security-management,2,205,0.98%,32.21
https://globalsecuritysolutions.co.za/sectors/estate-security-management,2,79,2.53%,14.24
https://www.globalsecuritysolutions.co.za/areas/simons-town-security-services,2,40,5%,5.22
https://globalsecuritysolutions.co.za/about,1,200,0.5%,8.79
https://globalsecuritysolutions.co.za/sectors/schools-education,1,46,2.17%,9.04
https://globalsecuritysolutions.co.za/areas/kensington-security-services,1,30,3.33%,8.03
https://globalsecuritysolutions.co.za/areas/simons-town-security-services,1,8,12.5%,4.38
https://www.globalsecuritysolutions.co.za/services/security-system-integration,0,226,0%,27.2
https://globalsecuritysolutions.co.za/sectors/commercial-security,0,172,0%,19.58
https://globalsecuritysolutions.co.za/services/security-system-integration,0,149,0%,19.6
https://globalsecuritysolutions.co.za/services/electric-fence-installations,0,105,0%,33.68
https://globalsecuritysolutions.co.za/services/access-control-solutions,0,66,0%,17.64
https://www.globalsecuritysolutions.co.za/sectors,0,63,0%,6.76
https://globalsecuritysolutions.co.za/services/security-repairs-and-upgrades,0,57,0%,12.46
https://www.globalsecuritysolutions.co.za/free-security-audit,0,48,0%,7.31
https://globalsecuritysolutions.co.za/projects,0,33,0%,8.64
https://www.globalsecuritysolutions.co.za/sectors/schools-education,0,29,0%,11.38
https://www.globalsecuritysolutions.co.za/projects,0,27,0%,19
https://www.globalsecuritysolutions.co.za/locations/durbanville/access-control,0,20,0%,10.8
https://globalsecuritysolutions.co.za/areas/somerset-west-security-services,0,19,0%,9.11
https://globalsecuritysolutions.co.za/sectors,0,14,0%,7.5
https://www.globalsecuritysolutions.co.za/areas/plattekloof-security-services,0,11,0%,6.27
https://globalsecuritysolutions.co.za/free-security-audit,0,11,0%,9.36
https://www.globalsecuritysolutions.co.za/areas/kensington-security-services,0,6,0%,6.83
https://globalsecuritysolutions.co.za/areas/plattekloof-security-services,0,4,0%,6.75
https://globalsecuritysolutions.co.za/_next/image?url=/sectors/heroes/schools.png&w=3840&q=75,0,2,0%,19